instance,r,error,target
20-normal-clean_1,2,76,76
20-normal-clean_1,5,30,30
20-normal-clean_1,10,0,0
20-normal-clean_2,2,60,60
20-normal-clean_2,5,18,18
20-normal-clean_2,10,0,0
20-normal-clean_3,2,63,63
20-normal-clean_3,5,19,19
20-normal-clean_3,10,0,0
20-normal-clean_4,2,78,78
20-normal-clean_4,5,23,23
20-normal-clean_4,10,0,0
20-normal-clean_5,2,73,73
20-normal-clean_5,5,21,21
20-normal-clean_5,10,0,0
20-normal-noisy_1,2,79,79
20-normal-noisy_1,5,33,33
20-normal-noisy_1,10,7,7
20-normal-noisy_2,2,66,66
20-normal-noisy_2,5,26,26
20-normal-noisy_2,10,5,5
20-normal-noisy_3,2,91,91
20-normal-noisy_3,5,41,41
20-normal-noisy_3,10,12,12
20-normal-noisy_4,2,65,65
20-normal-noisy_4,5,28,28
20-normal-noisy_4,10,4,4
20-normal-noisy_5,2,83,83
20-normal-noisy_5,5,43,43
20-normal-noisy_5,10,12,12
20-sparse-clean_1,2,43,43
20-sparse-clean_1,5,15,15
20-sparse-clean_1,10,0,0
20-sparse-clean_2,2,38,38
20-sparse-clean_2,5,15,15
20-sparse-clean_2,10,0,0
20-sparse-clean_3,2,36,36
20-sparse-clean_3,5,11,11
20-sparse-clean_3,10,0,0
20-sparse-clean_4,2,42,42
20-sparse-clean_4,5,13,13
20-sparse-clean_4,10,0,0
20-sparse-clean_5,2,41,41
20-sparse-clean_5,5,17,17
20-sparse-clean_5,10,0,0
20-sparse-noisy_1,2,77,77
20-sparse-noisy_1,5,44,44
20-sparse-noisy_1,10,16,16
20-sparse-noisy_2,2,48,48
20-sparse-noisy_2,5,26,26
20-sparse-noisy_2,10,8,8
20-sparse-noisy_3,2,66,66
20-sparse-noisy_3,5,38,38
20-sparse-noisy_3,10,13,13
20-sparse-noisy_4,2,60,60
20-sparse-noisy_4,5,33,33
20-sparse-noisy_4,10,9,9
20-sparse-noisy_5,2,71,71
20-sparse-noisy_5,5,31,31
20-sparse-noisy_5,10,9,9
35-normal-clean_1,2,112,112
35-normal-clean_1,5,37,37
35-normal-clean_1,10,0,0
35-normal-clean_2,2,152,152
35-normal-clean_2,5,74,74
35-normal-clean_2,10,0,0
35-normal-clean_3,2,130,130
35-normal-clean_3,5,58,58
35-normal-clean_3,10,0,0
35-normal-clean_4,2,123,123
35-normal-clean_4,5,51,51
35-normal-clean_4,10,0,0
35-normal-clean_5,2,120,120
35-normal-clean_5,5,56,56
35-normal-clean_5,10,0,0
35-normal-noisy_1,2,140,140
35-normal-noisy_1,5,72,72
35-normal-noisy_1,10,27,27
35-normal-noisy_2,2,158,158
35-normal-noisy_2,5,85,85
35-normal-noisy_2,10,26,26
35-normal-noisy_3,2,140,140
35-normal-noisy_3,5,76,76
35-normal-noisy_3,10,28,28
35-normal-noisy_4,2,122,122
35-normal-noisy_4,5,63,63
35-normal-noisy_4,10,18,18
35-normal-noisy_5,2,165,165
35-normal-noisy_5,5,83,83
35-normal-noisy_5,10,27,27
35-sparse-clean_1,2,77,77
35-sparse-clean_1,5,23,23
35-sparse-clean_1,10,0,0
35-sparse-clean_2,2,98,98
35-sparse-clean_2,5,38,38
35-sparse-clean_2,10,0,0
35-sparse-clean_3,2,71,71
35-sparse-clean_3,5,26,26
35-sparse-clean_3,10,0,0
35-sparse-clean_4,2,92,92
35-sparse-clean_4,5,42,42
35-sparse-clean_4,10,0,0
35-sparse-clean_5,2,77,77
35-sparse-clean_5,5,27,27
35-sparse-clean_5,10,0,0
35-sparse-noisy_1,2,114,114
35-sparse-noisy_1,5,58,58
35-sparse-noisy_1,10,27,27
35-sparse-noisy_2,2,112,112
35-sparse-noisy_2,5,59,59
35-sparse-noisy_2,10,19,19
35-sparse-noisy_3,2,101,101
35-sparse-noisy_3,5,49,49
35-sparse-noisy_3,10,18,18
35-sparse-noisy_4,2,106,106
35-sparse-noisy_4,5,52,52
35-sparse-noisy_4,10,22,22
35-sparse-noisy_5,2,136,136
35-sparse-noisy_5,5,75,75
35-sparse-noisy_5,10,30,30
50-normal-clean_1,2,162,162
50-normal-clean_1,5,61,61
50-normal-clean_1,10,0,0
50-normal-clean_2,2,185,185
50-normal-clean_2,5,83,83
50-normal-clean_2,10,0,0
50-normal-clean_3,2,180,180
50-normal-clean_3,5,77,77
50-normal-clean_3,10,0,0
50-normal-clean_4,2,200,200
50-normal-clean_4,5,81,81
50-normal-clean_4,10,0,0
50-normal-clean_5,2,193,193
50-normal-clean_5,5,99,99
50-normal-clean_5,10,0,0
50-normal-noisy_1,2,218,218
50-normal-noisy_1,5,122,122
50-normal-noisy_1,10,50,50
50-normal-noisy_2,2,215,215
50-normal-noisy_2,5,110,110
50-normal-noisy_2,10,34,34
50-normal-noisy_3,2,235,235
50-normal-noisy_3,5,118,118
50-normal-noisy_3,10,45,45
50-normal-noisy_4,2,220,220
50-normal-noisy_4,5,126,126
50-normal-noisy_4,10,44,44
50-normal-noisy_5,2,223,223
50-normal-noisy_5,5,123,123
50-normal-noisy_5,10,37,37
50-sparse-clean_1,2,117,117
50-sparse-clean_1,5,50,50
50-sparse-clean_1,10,0,0
50-sparse-clean_2,2,147,147
50-sparse-clean_2,5,59,59
50-sparse-clean_2,10,0,0
50-sparse-clean_3,2,128,128
50-sparse-clean_3,5,45,45
50-sparse-clean_3,10,0,0
50-sparse-clean_4,2,117,117
50-sparse-clean_4,5,48,48
50-sparse-clean_4,10,0,0
50-sparse-clean_5,2,110,110
50-sparse-clean_5,5,46,46
50-sparse-clean_5,10,0,0
50-sparse-noisy_1,2,153,153
50-sparse-noisy_1,5,86,86
50-sparse-noisy_1,10,37,37
50-sparse-noisy_2,2,155,155
50-sparse-noisy_2,5,81,81
50-sparse-noisy_2,10,31,31
50-sparse-noisy_3,2,197,197
50-sparse-noisy_3,5,96,96
50-sparse-noisy_3,10,38,38
50-sparse-noisy_4,2,207,207
50-sparse-noisy_4,5,118,118
50-sparse-noisy_4,10,48,48
50-sparse-noisy_5,2,172,172
50-sparse-noisy_5,5,96,96
50-sparse-noisy_5,10,42,42
apb,1,826,826
apb,2,776,776
apb,3,736,736
apb,4,706,706
apb,5,677,677
apb,6,648,648
apb,7,626,626
apb,8,604,604
apb,9,583,583
apb,10,566,566
audio_w_missing,2,1411,1411
audio_w_missing,3,1222,1222
audio_w_missing,5,1035,1035
audio_w_missing,10,749,749
heart,1,1421,1421
heart,2,1185,1185
heart,3,976,976
heart,4,829,829
heart,5,736,736
heart,6,650,650
heart,7,587,587
heart,8,524,524
heart,9,470,470
heart,10,419,419
hepatitis_w_missing,2,1264,1264
hepatitis_w_missing,3,1146,1146
hepatitis_w_missing,5,984,984
hepatitis_w_missing,10,695,698
lymp,1,1381,1381
lymp,2,1174,1174
lymp,3,1080,1080
lymp,4,1003,1003
lymp,5,933,933
lymp,6,871,871
lymp,7,816,816
lymp,8,767,768
lymp,9,715,715
lymp,10,669,669
tumor_w_missing,2,1351,1351
tumor_w_missing,3,1148,1148
tumor_w_missing,5,943,943
tumor_w_missing,10,510,510
votes_w_missing,2,1246,1246
votes_w_missing,3,1033,1033
votes_w_missing,5,701,701
votes_w_missing,10,218,218
zoo,1,415,415
zoo,2,271,271
zoo,3,196,196
zoo,4,156,156
zoo,5,125,125
zoo,6,102,102
zoo,7,81,81
zoo,8,63,63
zoo,9,50,50
zoo,10,39,39
